Country,Country_Code,Region_Code,Income_Group,Tax_Type,Units, Jan-19 , Feb-19 , Mar-19 , Apr-19 , May-19 , Jun-19 , July-19 , Aug-19 , Sept-19 , Oct-19 , Nov-19 , Dec-19 , Jan-20 , Feb-20 , Mar-20 , Apr-20 , May-20 , Jun-20 , Jul-20 ,Jan-20_gr,Feb-20_gr,Mar-20_gr,Apr-20_gr,May-20_gr,Jun-20_gr,Jul-20_gr,Data_frequency,Jan-20_bool,Feb-20_bool,Mar-20_bool,Apr-20_bool,May-20_bool,Jun-20_bool,Jul-20_bool,2019_tax,2020_tax,Total_Shortfall
Afghanistan,AFG,SA,Low Income,Tax_Revenue,mill,"7,558","6,180","6,576","7,891","6,301","7,227","7,857","5,167","5,541","8,311","6,956","9,042","6,207","5,847","6,879","5,502","4,553","4,146","4,636",-18%,-5%,5%,-30%,-28%,-43%,-41%,monthly,1,1,1,1,1,1,1,"49,589","37,771",-24%
Albania,ALB,ECA,Upper-Middle Income,Tax_Revenue,mill,"33,030","64,590","101,552","140,450","176,918","212,211","249,803","288,461","323,397","361,020","394,409","426,271","34,315","66,979","97,001","123,391","149,690","182,355","219,123",4%,4%,-4%,-12%,-15%,-14%,-12%,monthly,1,1,1,1,1,1,1,"978,554","872,854",-11%
Argentina,ARG,LAC,Upper-Middle Income,Tax_Revenue,% change,,,,,,,,,,,,,,,,,,,,45%,43%,36%,12%,15%,,,,,,,,,,,,,
Australia,AUS,EAP,High Income,Tax_Revenue,mill,"31,008","45,091","34,365","43,880","49,580","26,889","38,243","34,484","29,029","41,189","40,390","36,591","32,523","44,971","34,191","41,665","41,376","17,394",,5%,0%,-1%,-5%,-17%,-35%,,monthly,1,1,1,1,1,1,0,"230,813","212,120",-8%
Bangladesh,BGD,SA,Lower-Middle Income,Tax_Revenue,bill,186,165,197,193,202,297,155,140,176,174,182,213,199,186,201,87,131,292,,7%,12%,2%,-55%,-35%,-2%,,monthly,1,1,1,1,1,1,0,"1,240","1,096",-12%
Brazil,BRA,LAC,Upper-Middle Income,Tax_Revenue,% change,,,,,,,,,,,,,,,,,,,,9%,-1%,-1%,-27%,,,,,,,,,,,,,,
Bulgaria,BGR,ECA,Upper-Middle Income,CIT,,15,42,444,544,150,111,,,,,,,16,59,210,275,104,389,,4%,39%,-53%,-49%,-31%,251%,,monthly,1,1,1,1,1,1,0,"1,306","1,052",-19%
Bulgaria,BGR,ECA,Upper-Middle Income,Trade_Taxes,,20,20,19,18,20,18,,,,,,,21,18,15,15,17,17,,8%,-9%,-22%,-17%,-12%,-4%,,monthly,1,1,1,1,1,1,0,115,104,-9%
Bulgaria,BGR,ECA,Upper-Middle Income,Excise_Taxes,,409,446,422,441,488,644,,,,,,,489,431,401,420,357,449,,20%,-3%,-5%,-5%,-27%,-30%,,monthly,1,1,1,1,1,1,0,"2,849","2,546",-11%
Bulgaria,BGR,ECA,Upper-Middle Income,PIT,,365,280,272,442,336,289,,,,,,,366,308,324,429,327,319,,0%,10%,19%,-3%,-3%,10%,,monthly,1,1,1,1,1,1,0,"1,984","2,072",4%
Bulgaria,BGR,ECA,Upper-Middle Income,Tax_Revenue,,"2,207","1,636","1,969","2,351","1,846","1,962",,,,,,,"2,269","1,646","1,764","1,979","1,509","1,986",,3%,1%,-10%,-16%,-18%,1%,,monthly,1,1,1,1,1,1,0,"11,972","11,154",-7%
Bulgaria,BGR,ECA,Upper-Middle Income,Value_Added_Tax,,"1,354",842,744,857,850,901,,,,,,,"1,329",822,789,787,697,782,,-2%,-2%,6%,-8%,-18%,-13%,,monthly,1,1,1,1,1,1,0,"5,549","5,207",-6%
Canada,CAN,NAM,High Income,Tax_Revenue,mill,"23,907","26,979","21,474","24,103","22,747","23,578","23,186","20,562","23,275","21,904","22,527","26,729","24,783","26,599","20,172","16,890","13,138","18,595",,4%,-1%,-6%,-30%,-42%,-21%,,monthly,1,1,1,1,1,1,0,"142,788","120,177",-16%
Colombia,COL,LAC,Upper-Middle Income,Tax_Revenue,% change,,,,,,,,,,,,,,,,,,,,13%,8%,-1%,-30%,,,,,,,,,,,,,,
Costa Rica,CRI,LAC,Upper-Middle Income,Tax_Revenue,% change,,,,,,,,,,,,,,,,,,,,-3%,16%,5%,-23%,,,,,,,,,,,,,,
Dominican Republic,DOM,LAC,Upper-Middle Income,Tax_Revenue,% change,,,,,,,,,,,,,,,,,,,,8%,7%,-14%,,,,,,,,,,,,,,,
Ecuador,ECU,LAC,Upper-Middle Income,Tax_Revenue,% change,,,,,,,,,,,,,,,,,,,,5%,-8%,6%,-35%,-35%,,,,,,,,,,,,,
"Egypt, Arab Rep.",EGY,MENA,Lower-Middle Income,Tax_Revenue,mill,"53,671","54,468","56,335","81,861","66,113",,"39,049",,,,,,"63,003","56,184","51,551","70,854","56,017",,"38,620",17%,3%,-8%,-13%,-15%,,-1%,quarterly,1,1,1,1,1,0,1,"351,497","336,229",-4%
El Salvador,SLV,LAC,Lower-Middle Income,Tax_Revenue,% change,,,,,,,,,,,,,,,,,,,,4%,5%,0%,-31%,,,,,,,,,,,,,,
France,FRA,WER,High Income,CIT,mill,-228,-464,"8,829","7,189","4,754","11,847","8,071","6,686","18,031","16,729","15,214","33,466",-575,"-1,470","6,073",,,,,152%,217%,-31%,,,,,monthly,1,1,1,0,0,0,0,"8,137","4,028",-50%
France,FRA,WER,High Income,Excise_Taxes,mill,"1,256","1,188","2,260","3,292","4,343","5,398","6,521","7,800","8,579","9,659","11,264","13,378",132,974,"2,279",,,,,-89%,-18%,1%,,,,,monthly,1,1,1,0,0,0,0,"4,704","3,385",-28%
France,FRA,WER,High Income,Income Tax,mill,"-3,161","2,839","19,460","25,453","30,360","44,216","40,292","45,905","67,332","73,594","79,908","105,209","1,429","7,160","21,212",,,,,,,9%,,,,,monthly,0,0,1,0,0,0,0,"19,460","21,212",9%
France,FRA,WER,High Income,Total_Non_Tax_Revenue,mill,385,733,"1,346","1,853","2,720","7,500","7,969","8,399","9,338","9,879","10,434","13,967",458,"2,890","3,352",,,,,19%,294%,149%,,,,,monthly,1,1,1,0,0,0,0,"2,464","6,700",172%
France,FRA,WER,High Income,Other_Taxes,mill,"3,213","5,357","7,627","12,408","15,517","20,641","25,531","28,702","27,105","33,211","30,552","33,726","3,459","6,137","8,101",,,,,8%,15%,6%,,,,,monthly,1,1,1,0,0,0,0,"16,197","17,697",9%
France,FRA,WER,High Income,PIT,mill,"-2,933","3,303","10,631","18,264","25,606","32,369","32,221","39,219","49,301","56,865","64,694","71,743","2,004","8,630","15,139",,,,,,161%,42%,,,,,monthly,0,1,1,0,0,0,0,"13,934","23,769",71%
France,FRA,WER,High Income,Tax_Revenue,mill,"32,160","24,921","35,529","30,940","35,427","41,154","34,481","27,232","46,543","33,118","30,617","49,230","34,304","24,658","33,772","26,049","29,077","40,420",,7%,-1%,-5%,-16%,-18%,-2%,,monthly,1,1,1,1,1,1,0,"200,131","188,280",-6%
France,FRA,WER,High Income,Value_Added_Tax,mill,"17,445","26,252","34,528","45,125","55,910","64,932","76,447","86,819","97,052","106,485","118,634","128,977","15,417","22,571","26,271",,,,,-12%,-14%,-24%,,,,,monthly,1,1,1,0,0,0,0,"78,225","64,259",-18%
Germany,DEU,WER,High Income,Business Taxes,mill,-40,149,11,"1,781",331, -   ,"1,928",292, -   ,"1,634",272,"1,753",69,170,6,975,197,-2,650,,14%,-45%,-45%,-40%,,-66%,monthly,0,1,1,1,1,0,1,"4,200","1,998",-52%
Germany,DEU,WER,High Income,CIT,mill,327,-33,"8,899",-43,-38,"8,166",-39,71,"7,574",-144,-622,"7,893","1,071",11,"7,412","-2,481",-225,"5,054",-262,,,-17%,,,-38%,,monthly,0,0,1,0,0,1,0,"17,065","12,466",-27%
Germany,DEU,WER,High Income,Income Tax,mill,"22,716","18,355","41,924","20,309","19,581","48,733","21,403","18,228","40,248","17,560","17,839","37,349","25,542","19,517","41,261","16,251","15,507","38,170","21,773",12%,6%,-2%,-20%,-21%,-22%,2%,monthly,1,1,1,1,1,1,1,"193,021","178,021",-8%
Germany,DEU,WER,High Income,Other_Taxes,mill,"6,770","11,381","12,348","10,016","11,170","11,526","10,751","11,158","11,231","10,821","10,529","17,698","6,042","12,576","11,885","9,999","9,363","10,485","10,647",-11%,10%,-4%,0%,-16%,-9%,-1%,monthly,1,1,1,1,1,1,1,"73,962","70,997",-4%
Germany,DEU,WER,High Income,PIT,mill,"22,389","18,388","33,025","20,352","19,619","40,567","21,442","18,157","32,674","17,704","18,461","29,456","24,471","19,506","33,849","18,732","15,732","33,116","22,035",9%,6%,2%,-8%,-20%,-18%,3%,monthly,1,1,1,1,1,1,1,"175,782","167,441",-5%
Germany,DEU,WER,High Income,Tax_Revenue,mill,"48,698","54,822","70,496","50,401","51,981","80,165","53,098","50,804","72,394","49,419","50,636","78,096","51,037","58,477","67,613","38,648","41,572","64,987","53,015",5%,7%,-4%,-23%,-20%,-19%,0%,monthly,1,1,1,1,1,1,1,"409,661","375,349",-8%
Germany,DEU,WER,High Income,Value_Added_Tax,mill,"19,252","24,937","16,213","18,295","20,899","19,906","19,016","21,126","20,915","19,404","21,996","21,296","19,384","26,214","14,461","11,423","16,505","16,334","19,945",1%,5%,-11%,-38%,-21%,-18%,5%,monthly,1,1,1,1,1,1,1,"138,518","124,266",-10%
Ghana,GHA,SSA,Lower-Middle Income,CIT,,"548,050,188","459,187,328","736,590,121","989,701,753","527,876,342","1,023,803,685","616,162,432","458,600,303","1,124,422,310",,,,"932,845,130","241,344,059","824,012,764","879,712,345","645,144,413","1,016,766,716",,70%,-47%,12%,-11%,22%,-1%,,monthly,1,1,1,1,1,1,0,"4,285,209,416","4,539,825,426",6%
Ghana,GHA,SSA,Lower-Middle Income,Trade_Taxes,,"514,048,560","454,132,445","473,928,536","447,133,058","466,428,001","414,642,019","448,640,043","423,520,425","396,233,343",,,,"424,259,551","182,509,891","222,935,656","304,276,696","521,651,634","341,600,000",,-17%,-60%,-53%,-32%,12%,-18%,,monthly,1,1,1,1,1,1,0,"2,770,312,620","1,997,233,428",-28%
Ghana,GHA,SSA,Lower-Middle Income,Excise_Taxes,,"314,701,556","246,445,575","371,190,722","342,809,047","352,277,836","253,858,533","391,058,975","333,488,325","281,317,647",,,,"421,506,012","352,831,676","243,613,396","245,834,676","110,464,387","34,528,186",,34%,43%,-34%,-28%,-69%,-86%,,monthly,1,1,1,1,1,1,0,"1,881,283,268","1,408,778,334",-25%
Ghana,GHA,SSA,Lower-Middle Income,PIT,,"891,307,994","528,344,050","490,473,229","1,009,359,120","1,050,216,967","670,382,585","1,162,590,793","1,129,674,149","779,051,561",,,,"981,476,175","877,723,532","931,448,064","1,499,232,353","793,348,727","678,995,312",,10%,66%,90%,49%,-24%,1%,,monthly,1,1,1,1,1,1,0,"4,640,083,944","5,762,224,164",24%
Ghana,GHA,SSA,Lower-Middle Income,Tax_Revenue,,"3,098,878,375","2,580,503,782","3,031,863,005","3,770,303,348","3,261,020,495","3,040,580,628","3,454,569,584","3,295,175,027","3,465,239,272",,,,"3,724,815,661","2,251,120,041","2,810,905,461","3,615,065,271","3,005,187,830","2,588,999,337",,20%,-13%,-7%,-4%,-8%,-15%,,monthly,1,1,1,1,1,1,0,"18,783,149,633","17,996,093,602",-4%
Ghana,GHA,SSA,Lower-Middle Income,Value_Added_Tax,,"1,070,162,625","1,043,283,246","1,116,200,211","1,169,790,717","1,038,316,898","847,021,514","1,043,887,927","1,105,241,678","1,057,623,290",,,,"1,164,122,873","718,092,590","724,700,591","890,218,251","1,086,830,663","727,430,642",,9%,-31%,-35%,-24%,5%,-14%,,monthly,1,1,1,1,1,1,0,"6,284,775,211","5,311,395,611",-15%
Ghana,GHA,SSA,Lower-Middle Income,Value_Added_Tax1,,"760,233,332","728,920,838","801,484,879","789,105,599","723,436,245","585,717,006","708,390,052","756,426,724","745,717,574",,,,"795,727,334","483,354,036","538,615,955","605,530,850","739,195,123","480,710,480",,5%,-34%,-33%,-23%,2%,-18%,,monthly,1,1,1,1,1,1,0,"4,388,897,899","3,643,133,778",-17%
Guatemala,GTM,LAC,Lower-Middle Income,Tax_Revenue,% change,,,,,,,,,,,,,,,,,,,,10%,9%,-28%,12%,-24%,,,,,,,,,,,,,
India,IND,SA,Lower-Middle Income,CIT,bill,272,207,"1,882",124,-113,695,177,228,"1,382",234,158,809,237,253,"1,383",195,-25,372,-5,-13%,22%,-27%,58%,-77%,-46%,-103%,monthly,1,1,1,1,1,1,1,"3,245","2,411",-26%
India,IND,SA,Lower-Middle Income,Trade_Taxes,bill,105,92,12,131,151,113,122,103,98,-74,115,92,106,92,42,39,56,58,83,1%,0%,238%,-70%,-63%,-48%,-32%,monthly,1,1,1,1,1,1,1,726,478,-34%
India,IND,SA,Lower-Middle Income,Income Tax,bill,547,515,"2,894",521,96,"1,059",496,595,"1,857",548,394,"1,307",585,612,"2,304",465,62,636,286,7%,19%,-20%,-11%,-35%,-40%,-42%,monthly,1,1,1,1,1,1,1,"6,127","4,950",-19%
India,IND,SA,Lower-Middle Income,PIT,bill,275,308,"1,012",397,208,364,318,367,475,314,235,497,348,359,920,270,87,264,291,26%,17%,-9%,-32%,-58%,-27%,-8%,monthly,1,1,1,1,1,1,1,"2,882","2,539",-12%
India,IND,SA,Lower-Middle Income,Tax_Revenue,bill,830,748,"2,233",716,438,"1,363",874,660,"2,031",767,674,"1,546",933,"1,169","2,421",215,125,"1,016",683,12%,56%,8%,-70%,-71%,-25%,-22%,monthly,1,1,1,1,1,1,1,"7,203","6,563",-9%
India,IND,SA,Lower-Middle Income,Value_Added_Tax,bill,"1,025",972,"1,066","1,139","1,003",999,"1,021",982,919,954,"1,035","1,032","1,108","1,054",976,322,622,909,874,8%,8%,-8%,-72%,-38%,-9%,-14%,monthly,1,1,1,1,1,1,1,"7,225","5,864",-19%
Indonesia,IDN,EAP,Lower-Middle Income,Tax_Revenue,bill,"89,764","87,474","102,705","156,471","132,913","119,617","121,804","109,406","119,104","134,634","138,583","232,855","84,650","93,306","101,930","154,446","91,678","98,918","86,062",-6%,7%,-1%,-1%,-31%,-17%,-29%,monthly,1,1,1,1,1,1,1,"810,749","710,990",-12%
Indonesia,IDN,EAP,Lower-Middle Income,Value_Added_Tax,bill,"29,259","28,180","32,499","39,942","43,428","39,014","37,075","38,618","48,027","51,957","53,165","91,747","30,460","25,490","36,025","40,848","27,168","29,530","29,970",4%,-10%,11%,2%,-37%,-24%,-19%,monthly,1,1,1,1,1,1,1,"249,396","219,490",-12%
Italy,ITA,WER,High Income,Tax_Revenue,mill,"34,510","28,936","28,723","30,363","34,120","32,654","46,462","41,397","28,039","39,067","42,277","94,155","35,919","31,559","27,453","24,160","24,648","26,160","43,801",4%,9%,-4%,-20%,-28%,-20%,-6%,monthly,1,1,1,1,1,1,1,"235,769","213,700",-9%
Jordan,JOR,MENA,Upper-Middle Income,Tax_Revenue,mill,489,280,280,552,311,263,489,,,,,,505,380,280,385,,,,3%,36%,0%,-30%,,,,monthly,1,1,1,1,0,0,0,"1,601","1,550",-3%
Kenya,KEN,SSA,Lower-Middle Income,Tax_Revenue,,,,"352,330",,,"440,744",,,"394,014",,,"408,115",,,"363,435",,,"349,294",,,,3%,,,-21%,,quarterly,0,0,1,0,0,1,0,"793,074","712,729",-10%
Kosovo,XKX,ECA,Lower-Middle Income,Tax_Revenue,mill,126,99,118,162,137,114,179,150,139,164,121,155,139,108,105,91,116,125,,10%,10%,-11%,-44%,-15%,9%,,monthly,1,1,1,1,1,1,0,755,684,-9%
Lebanon,LBN,MENA,Upper-Middle Income,Tax_Revenue,bill,"1,361",817,805,"1,126","1,248","1,618","1,397",,,,,,"1,218",784,609,674,,,,-11%,-4%,-24%,-40%,,,,monthly,1,1,1,1,0,0,0,"4,109","3,285",-20%
Malaysia,MYS,EAP,Upper-Middle Income,CIT,mill,,,"20,026",,,"20,526",,,"18,735",,,"25,245",,,"15,911",,,"9,234",,,,-21%,,,-55%,,quarterly,0,0,1,0,0,1,0,"40,553","25,146",-38%
Malaysia,MYS,EAP,Upper-Middle Income,Trade_Taxes,mill,,,974,,,"1,047",,,919,,,918,,,828,,,575,,,,-15%,,,-45%,,quarterly,0,0,1,0,0,1,0,"2,021","1,403",-31%
Malaysia,MYS,EAP,Upper-Middle Income,Excise_Taxes,mill,,,"2,493",,,"2,703",,,"2,686",,,"2,629",,,"2,385",,,"1,319",,,,-4%,,,-51%,,quarterly,0,0,1,0,0,1,0,"5,196","3,704",-29%
Malaysia,MYS,EAP,Upper-Middle Income,Income Tax,mill,,,"28,045",,,"28,625",,,"32,252",,,"34,292",,,"25,653",,,"16,743",,,,-9%,,,-42%,,quarterly,0,0,1,0,0,1,0,"56,670","42,395",-25%
Malaysia,MYS,EAP,Upper-Middle Income,Total_Non_Tax_Revenue,mill,,,"21,914",,,"18,729",,,"22,634",,,"20,571",,,"6,899",,,"29,636",,,,-69%,,,58%,,quarterly,0,0,1,0,0,1,0,"40,644","36,535",-10%
Malaysia,MYS,EAP,Upper-Middle Income,Other_Taxes,mill,,,"3,668",,,"3,784",,,"3,721",,,"4,141",,,"3,254",,,"2,116",,,,-11%,,,-44%,,quarterly,0,0,1,0,0,1,0,"7,452","5,369",-28%
Malaysia,MYS,EAP,Upper-Middle Income,PIT,mill,,,"8,019",,,"8,098",,,"13,517",,,"9,046",,,"9,741",,,"7,508",,,,21%,,,-7%,,quarterly,0,0,1,0,0,1,0,"16,117","17,250",7%
Malaysia,MYS,EAP,Upper-Middle Income,Tax_Revenue,mill,,,"41,774",,,"43,356",,,"46,141",,,"49,295",,,"38,422",,,"26,813",,,,-8%,,,-38%,,quarterly,0,0,1,0,0,1,0,"85,130","65,236",-23%
Malaysia,MYS,EAP,Upper-Middle Income,Value_Added_Tax,mill,,,"6,592",,,"7,198",,,"6,563",,,"7,316",,,"6,302",,,"6,061",,,,-4%,,,-16%,,quarterly,0,0,1,0,0,1,0,"13,790","12,363",-10%
Mexico,MEX,LAC,Upper-Middle Income,Trade_Taxes,mill,"6,272","5,541","5,023","5,187","5,364","4,572","5,631","5,653","5,891","5,770","4,974","4,861","5,337","4,885","4,342","4,287","4,503","4,148",,-15%,-12%,-14%,-17%,-16%,-9%,,monthly,1,1,1,1,1,1,0,"31,960","27,503",-14%
Mexico,MEX,LAC,Upper-Middle Income,Excise_Taxes,mill,"46,314","41,463","36,539","35,128","37,103","37,163","37,355","45,986","35,394","39,993","38,017","40,538","63,363","34,460","36,266","35,534","28,053","32,423",,37%,-17%,-1%,1%,-24%,-13%,,monthly,1,1,1,1,1,1,0,"233,709","230,100",-2%
Mexico,MEX,LAC,Upper-Middle Income,Income Tax,mill,"172,098","134,704","157,493","204,444","118,176","140,435","124,202","121,501","125,933","115,815","119,819","153,209","178,973","135,829","227,795","154,115","124,189","147,546",,4%,1%,45%,-25%,5%,5%,,monthly,1,1,1,1,1,1,0,"927,351","968,447",4%
Mexico,MEX,LAC,Upper-Middle Income,Other_Taxes,mill,"3,149","2,529","3,454","3,974","3,321","6,720","3,860","3,790","3,370","4,056","3,165","4,372","3,805","3,818","8,101","5,279","7,151","4,836",,21%,51%,135%,33%,115%,-28%,,monthly,1,1,1,1,1,1,0,"23,147","32,990",43%
Mexico,MEX,LAC,Upper-Middle Income,Tax_Revenue,mill,"318,497","259,254","280,245","315,547","252,267","268,289","264,158","244,371","242,880","239,800","236,214","281,128","364,601","263,753","376,380","273,117","221,602","249,386","255,378",14%,2%,34%,-13%,-12%,-7%,-3%,monthly,1,1,1,1,1,1,1,"1,958,257","2,004,216",2%
Mexico,MEX,LAC,Upper-Middle Income,Total Revenue,,"445,993","406,481","442,901","490,973","413,089","423,061","427,248","427,821","498,687","391,278","473,870","543,583","540,290","394,830","527,807","406,332","326,883","406,898","395,153",21%,-3%,19%,-17%,-21%,-4%,-8%,monthly,1,1,1,1,1,1,1,"3,049,747","2,998,193",-2%
Mexico,MEX,LAC,Upper-Middle Income,Value_Added_Tax,mill,"90,665","75,018","77,736","66,814","88,302","79,398","93,109","67,441","72,292","74,167","70,239","78,146","113,123","84,760","99,875","73,903","57,705","60,433",,25%,13%,28%,11%,-35%,-24%,,monthly,1,1,1,1,1,1,0,"477,933","489,798",2%
Moldova,MDA,ECA,Lower-Middle Income,Tax_Revenue,mill,"4,230","4,205","5,694","5,011","4,832","5,495","5,552","4,855","5,404","5,660","5,699","6,311","4,717","4,849","5,462","3,843","4,380","5,785","5,022",12%,15%,-4%,-23%,-9%,5%,-10%,monthly,1,1,1,1,1,1,1,"35,020","34,059",-3%
Montenegro,MNE,ECA,Upper-Middle Income,CIT,mill,1,2,22,20,5,4,4,3,2,1,1,8,1,2,21,24,5,6,,-28%,22%,-6%,20%,-2%,72%,,monthly,1,1,1,1,1,1,0,54,60,10%
Montenegro,MNE,ECA,Upper-Middle Income,Income Tax,mill,5,11,32,31,15,14,15,14,13,12,11,26,5,12,31,31,15,17,,-4%,5%,-1%,1%,-1%,20%,,monthly,1,1,1,1,1,1,0,108,111,3%
Montenegro,MNE,ECA,Upper-Middle Income,PIT,mill,4,9,9,11,10,10,11,10,10,11,10,19,4,10,10,7,10,10,,2%,2%,10%,-35%,-1%,1%,,monthly,1,1,1,1,1,1,0,54,51,-5%
Montenegro,MNE,ECA,Upper-Middle Income,Tax_Revenue,mill,72,68,99,107,94,89,115,119,115,102,87,105,73,70,106,84,70,80,,1%,2%,7%,-22%,-26%,-11%,,monthly,1,1,1,1,1,1,0,530,482,-9%
Montenegro,MNE,ECA,Upper-Middle Income,Value_Added_Tax,mill,50,39,50,55,56,53,72,72,71,66,55,57,48,40,55,36,38,42,,-4%,3%,9%,-35%,-32%,-20%,,monthly,1,1,1,1,1,1,0,304,259,-15%
Morocco,MAR,MENA,Lower-Middle Income,CIT,mill,"1,597","2,256","14,904","15,765","16,936","25,496","27,337",,,,,,"1,784","2,451","14,628","15,448","16,485","25,671","27,542",12%,9%,-2%,-2%,-3%,1%,1%,monthly,1,1,1,1,1,1,1,"104,291","104,009",0%
Morocco,MAR,MENA,Lower-Middle Income,Excise_Taxes,mill,"2,625","4,528","7,233","9,611","11,354","13,530","16,330",,,,,,"2,268","4,779","7,002","8,392","9,681","11,591","13,669",-14%,6%,-3%,-13%,-15%,-14%,-16%,monthly,1,1,1,1,1,1,1,"65,211","57,382",-12%
Morocco,MAR,MENA,Lower-Middle Income,Income Tax,mill,"6,250","10,693","28,783","34,973","39,666","51,408","57,251",,,,,,"6,523","11,412","29,072","32,961","37,145","49,818","55,362",4%,7%,1%,-6%,-6%,-3%,-3%,monthly,1,1,1,1,1,1,1,"229,024","222,293",-3%
Morocco,MAR,MENA,Lower-Middle Income,PIT,mill,"4,510","8,132","11,490","16,636","19,945","22,789","26,477",,,,,,"4,613","8,660","11,961","14,960","18,034","21,261","24,798",2%,6%,4%,-10%,-10%,-7%,-6%,monthly,1,1,1,1,1,1,1,"109,979","104,287",-5%
Morocco,MAR,MENA,Lower-Middle Income,Tax_Revenue,mill,"18,362","31,681","59,659","75,754","89,736","110,804","127,299",,,,,,"19,922","35,043","61,904","72,703","82,618","102,593","116,892",8%,11%,4%,-4%,-8%,-7%,-8%,monthly,1,1,1,1,1,1,1,"513,295","491,675",-4%
Morocco,MAR,MENA,Lower-Middle Income,Value_Added_Tax,mill,"5,516","10,552","15,862","21,620","27,173","32,333","38,178",,,,,,"6,853","12,435","17,631","22,178","25,770","29,888","34,876",24%,18%,11%,3%,-5%,-8%,-9%,monthly,1,1,1,1,1,1,1,"151,234","149,631",-1%
North Macedonia,MKD,ECA,Upper-Middle Income,Tax_Revenue,mill,83,87,143,110,94,160,192,165,151,186,118,126,102,99,63,90,60,66,67,23%,14%,-56%,-18%,-36%,-59%,-65%,monthly,1,1,1,1,1,1,1,869,547,-37%
Nigeria,NGA,SSA,Lower-Middle Income,Tax_Revenue,bill,,,"1,047",,,"1,401",,,"1,565",,,"1,251",,,"1,190",,,"1,288",,,,14%,,,-8%,,quarterly,0,0,1,0,0,1,0,"2,447","2,479",1%
Nigeria,NGA,SSA,Lower-Middle Income,Value_Added_Tax,bill,,,293,,,312,,,275,,,308,,,326,,,327,,,,11%,,,5%,,quarterly,0,0,1,0,0,1,0,605,653,8%
Pakistan,PAK,SA,Lower-Middle Income,Tax_Revenue,bill,272,264,371,278,330,518,277,292,375,320,325,463,321,318,325,257,227,411,300,18%,20%,-12%,-8%,-31%,-21%,8%,monthly,1,1,1,1,1,1,1,"2,311","2,159",-7%
Panama,PAN,LAC,Upper-Middle Income,Tax_Revenue,% change,,,,,,,,,,,,,,,,,,,,5%,10%,-42%,-54%,,,,,,,,,,,,,,
Peru,PER,LAC,Upper-Middle Income,Tax_Revenue,% change,,,,,,,,,,,,,,,,,,,,6%,1%,-14%,-35%,-20%,,,,,,,,,,,,,
Philippines,PHL,EAP,Lower-Middle Income,CIT,mill,"50,156","18,505","22,915","103,083","74,695","20,784","50,144","76,573","17,385","46,015","83,863","23,210","49,907","17,569","15,573","31,306","35,368","114,627","33,342",0%,-5%,-32%,-70%,-53%,,-34%,monthly,1,1,1,1,1,0,1,"319,499","183,066",-43%
Philippines,PHL,EAP,Lower-Middle Income,Trade_Taxes,mill,"7,107","5,413","5,996","6,233","6,745","5,315","6,379","6,288","6,980","6,489","5,877","4,990","6,770","4,737","5,460","4,957","6,547","7,459","4,909",-5%,-12%,-9%,-20%,-3%,40%,-23%,monthly,1,1,1,1,1,1,1,"43,189","40,839",-5%
Philippines,PHL,EAP,Lower-Middle Income,Excise_Taxes,mill,"32,059","37,772","39,115","38,893","42,168","37,861","37,754","36,958","36,654","39,098","37,279","31,452","31,796","35,380","36,728","15,591","23,045","42,233","45,120",-1%,-6%,-6%,-60%,-45%,12%,20%,monthly,1,1,1,1,1,1,1,"265,621","229,893",-13%
Philippines,PHL,EAP,Lower-Middle Income,Income Tax,mill,"89,590","59,301","66,577","148,858","123,936","77,917","89,869","127,892","68,597","83,250","137,365","82,393","95,728","65,185","71,404","61,185","64,379","187,630","69,781",7%,10%,7%,-59%,-48%,141%,-22%,monthly,1,1,1,1,1,1,1,"656,048","615,292",-6%
Philippines,PHL,EAP,Lower-Middle Income,Other_Taxes,mill,"30,813","18,902","22,177","28,883","20,166","22,426","31,872","22,042","23,338","34,558","26,941","25,406","34,109","19,704","12,356","7,929","15,584","23,534","32,071",11%,4%,-44%,-73%,-23%,5%,1%,monthly,1,1,1,1,1,1,1,"175,239","145,287",-17%
Philippines,PHL,EAP,Lower-Middle Income,PIT,mill,"39,434","40,796","43,662","45,775","49,241","57,133","39,724","51,319","51,212","37,235","53,502","59,183","45,821","47,616","55,831","29,879","29,011","73,003","36,439",16%,17%,28%,-35%,-41%,28%,-8%,monthly,1,1,1,1,1,1,1,"315,765","317,600",1%
Philippines,PHL,EAP,Lower-Middle Income,Tax_Revenue,mill,"233,464","179,921","197,346","289,604","263,644","211,496","235,588","260,117","209,906","236,993","282,954","215,699","250,768","187,000","176,338","124,930","145,194","325,454","210,482",7%,4%,-11%,-57%,-45%,54%,-11%,monthly,1,1,1,1,1,1,1,"1,611,061","1,420,168",-12%
Philippines,PHL,EAP,Lower-Middle Income,Value_Added_Tax,mill,"73,894","58,533","63,480","66,736","70,629","67,976","69,715","66,937","74,337","73,598","75,492","71,459","82,365","61,994","50,390","35,267","35,640","64,598","58,601",11%,6%,-21%,-47%,-50%,-5%,-16%,monthly,1,1,1,1,1,1,1,"470,964","388,856",-17%
Sierra Leone,SLE,SSA,Low Income,Trade_Taxes,mill,"53,862","63,667","55,064","51,968","64,891","52,522","57,863","62,264","48,067","57,504","86,187","57,218","59,404","47,282","49,238","43,107","50,576","49,154","59,707",10%,-26%,-11%,-17%,-22%,-6%,3%,monthly,1,1,1,1,1,1,1,"399,836","358,467",-10%
Sierra Leone,SLE,SSA,Low Income,Excise_Taxes,mill,"39,223","54,674","63,446","51,457","64,740","23,244","46,231","39,731","49,070","54,884","53,541","62,585","59,776","44,758","53,682","36,883","39,914","66,296","51,793",52%,-18%,-15%,-28%,-38%,185%,12%,monthly,1,1,1,1,1,1,1,"343,018","353,103",3%
Sierra Leone,SLE,SSA,Low Income,Income Tax,mill,"128,314","124,455","193,319","170,583","138,683","206,039","134,016","149,561","183,939","134,860","113,342","198,917","149,540","127,895","187,296","140,036","126,380","217,598","160,387",17%,3%,-3%,-18%,-9%,6%,20%,monthly,1,1,1,1,1,1,1,"1,095,408","1,109,131",1%
Sierra Leone,SLE,SSA,Low Income,Tax_Revenue,mill,"307,213","315,089","396,346","353,881","371,495","363,074","321,010","339,724","367,061","327,609","349,147","408,970","354,550","295,085","375,496","289,156","292,140","407,518","364,647",15%,-6%,-5%,-18%,-21%,12%,14%,monthly,1,1,1,1,1,1,1,"2,428,108","2,378,591",-2%
Sierra Leone,SLE,SSA,Low Income,Value_Added_Tax,mill,"85,813","72,293","84,516","79,873","103,181","81,270","82,901","88,167","85,985","80,361","96,077","90,249","85,830","75,150","85,280","69,130","75,270","74,470","92,760",0%,4%,1%,-13%,-27%,-8%,12%,monthly,1,1,1,1,1,1,1,"589,847","557,890",-5%
South Africa,ZAF,SSA,Upper-Middle Income,PIT,bill,42,40,44,44,41,41,41,42,42,44,42,46,45,42,47,42,37,,,8%,6%,7%,-6%,-9%,,,monthly,1,1,1,1,1,0,0,211,214,1%
South Africa,ZAF,SSA,Upper-Middle Income,Tax_Revenue,bill,76,135,135,74,97,147,75,118,118,84,96,161,91,145,139,62,68,108,64,20%,7%,4%,-16%,-30%,-26%,-14%,monthly,1,1,1,1,1,1,1,738,677,-8%
South Africa,ZAF,SSA,Upper-Middle Income,Value_Added_Tax,bill,35,30,31,32,33,31,33,32,34,33,34,35,38,32,33,31,24,,,8%,7%,5%,-4%,-28%,,,monthly,1,1,1,1,1,0,0,161,157,-3%
Spain,ESP,WER,High Income,Other_Taxes,mill,703,587,608,979,778,737,976,618,848,689,869,874,786,888,388,804,723,524,,12%,51%,-36%,-18%,-7%,-29%,,monthly,1,1,1,1,1,1,0,"4,392","4,113",-6%
Spain,ESP,WER,High Income,PIT,mill,"12,103","5,230","4,617","6,144","5,062","2,470","18,976","5,131","4,111","9,764","7,926","5,359","12,661","5,784","5,114","5,343","4,247","2,301",,5%,11%,11%,-13%,-16%,-7%,,monthly,1,1,1,1,1,1,0,"35,626","35,450",0%
Spain,ESP,WER,High Income,PIT,mill,"-4,282",-239,-582,"5,145","1,172",394,774,"5,855",202,"11,613",-224,"3,903","-3,614",-698,52,"1,572",532,-153,,-16%,192%,-109%,-69%,-55%,-139%,,monthly,1,1,1,1,1,1,0,"1,608","-2,309",-244%
Spain,ESP,WER,High Income,Special Taxes,mill,"1,648","1,738","1,564","1,841","1,755","1,819","1,803","2,028","1,853","1,830","1,859","1,642","1,736","1,811","1,633","1,698",945,"1,205",,5%,4%,4%,-8%,-46%,-34%,,monthly,1,1,1,1,1,1,0,"10,365","9,028",-13%
Spain,ESP,WER,High Income,Tax_Revenue,mill,"13,538","20,356","9,508","20,887","14,483","8,685","32,717","17,864","11,184","33,888","14,743","14,955","14,770","21,214","11,019","14,213","10,482","6,103",,9%,4%,16%,-32%,-28%,-30%,,monthly,1,1,1,1,1,1,0,"87,457","77,801",-11%
Spain,ESP,WER,High Income,Value_Added_Tax,mill,"3,366","13,040","3,301","6,778","5,716","3,265","10,188","4,232","4,170","9,992","4,313","3,177","3,201","13,429","3,832","4,796","4,035","2,226",,-5%,3%,16%,-29%,-29%,-32%,,monthly,1,1,1,1,1,1,0,"35,466","31,519",-11%
Sri Lanka,LKA,SA,Lower-Middle Income,Tax_Revenue,bill,,,,552,,,,,,,,,,,,408,,,,,,,-26%,,,,quarterly,0,0,0,1,0,0,0,552,408,-26%
Turkey,TUR,ECA,Upper-Middle Income,CIT,thousands,"1,078,531","18,190,775","1,419,946","1,984,446","13,699,235","148,125","819,991","17,385,993","713,923","460,882","21,774,250","1,152,886","518,594","25,600,604","949,902","899,854","19,413,148","1,918,632","632,679",-52%,41%,-33%,-55%,42%,1195%,-23%,monthly,1,1,1,1,1,1,1,"37,341,049","49,933,413",34%
Turkey,TUR,ECA,Upper-Middle Income,Trade_Taxes,thousands,"1,091,143","1,135,731","1,324,995","1,275,489","1,684,746","1,207,645","1,771,700","1,305,707","1,660,818","1,725,983","1,450,354","1,825,992","1,528,878","1,677,077","1,845,251","1,199,895","1,453,391","3,213,158","2,476,426",40%,48%,39%,-6%,-14%,166%,40%,monthly,1,1,1,1,1,1,1,"9,491,449","13,394,076",41%
Turkey,TUR,ECA,Upper-Middle Income,Excise_Taxes,thousands,"10,582,453","10,513,902","9,317,250","10,544,051","11,698,426","12,147,462","12,198,439","13,876,156","15,493,553","12,656,289","13,989,616","14,116,550","12,929,533","11,851,488","13,359,689","12,941,927","11,167,509","15,237,175","22,018,012",22%,13%,43%,23%,-5%,25%,80%,monthly,1,1,1,1,1,1,1,"77,001,983","99,505,333",29%
Turkey,TUR,ECA,Upper-Middle Income,Income Taxes,thousands,"15,703,257","28,012,506","12,896,585","16,232,050","26,310,755","12,116,687","17,454,659","30,149,845","13,512,830","16,278,473","36,140,446","16,724,908","17,840,508","36,047,444","10,525,606","13,012,975","28,444,808","11,143,818","17,123,092",14%,29%,-18%,-20%,8%,-8%,-2%,monthly,1,1,1,1,1,1,1,"128,726,499","134,138,251",4%
Turkey,TUR,ECA,Upper-Middle Income,Total_Non_Tax_Revenue,thousands,"41,275,709","9,463,262","13,281,576","8,898,631","11,717,969","10,604,034","35,111,398","27,667,908","10,494,717","10,796,640","9,925,673","12,182,351","54,753,732","14,407,307","10,488,215","16,120,125","12,863,975","10,829,771","10,515,310",33%,52%,-21%,81%,10%,2%,-70%,monthly,1,1,1,1,1,1,1,"130,352,579","129,978,435",0%
Turkey,TUR,ECA,Upper-Middle Income,Other_Taxes,thousands,"12,322,510","5,595,022","5,500,615","6,224,585","5,875,763","5,354,806","10,568,724","6,200,068","6,169,024","7,253,206","7,136,209","8,802,841","15,474,665","7,565,311","6,494,264","5,092,353","4,650,100","7,428,763","12,929,205",26%,35%,18%,-18%,-21%,39%,22%,monthly,1,1,1,1,1,1,1,"51,442,025","59,634,661",16%
Turkey,TUR,ECA,Upper-Middle Income,PIT,thousands,"14,624,726","9,821,731","11,476,639","14,247,604","12,611,520","11,968,562","16,634,668","12,763,852","12,798,907","15,817,591","14,366,196","15,572,022","17,321,914","10,446,840","9,575,704","12,113,121","9,031,660","9,225,186","16,490,413",18%,6%,-17%,-15%,-28%,-23%,-1%,monthly,1,1,1,1,1,1,1,"91,385,450","84,204,838",-8%
Turkey,TUR,ECA,Upper-Middle Income,Tax_Revenue,thousands,"55,674,824","57,499,122","41,088,165","48,771,083","59,832,917","44,876,671","58,321,960","66,620,442","52,607,319","54,586,149","73,363,289","60,617,777","67,416,464","71,728,728","36,954,498","49,124,611","55,281,223","55,442,616","76,013,824",21%,25%,-10%,1%,-8%,24%,30%,monthly,1,1,1,1,1,1,1,"366,064,742","411,961,964",13%
Turkey,TUR,ECA,Upper-Middle Income,Value_Added_Tax,thousands,"15,975,461","12,241,961","12,048,720","14,494,908","14,263,227","14,050,071","16,328,438","15,088,666","15,771,094","16,672,198","14,646,664","19,147,486","19,642,880","14,587,408","4,729,688","16,877,461","9,565,415","18,419,702","21,467,089",23%,19%,-61%,16%,-33%,31%,31%,monthly,1,1,1,1,1,1,1,"99,402,786","105,289,643",6%
United Kingdom,GBR,WER,High Income,CIT,mill,"9,748","2,016","2,173","7,284","2,188","2,808","9,140","2,128","3,957","8,499","2,142","6,105","8,575","1,878","6,524","3,265",837,"4,744","2,961",-12%,-7%,200%,-55%,-62%,69%,-68%,monthly,1,1,1,1,1,1,1,"35,357","28,783",-19%
United Kingdom,GBR,WER,High Income,Trade_Taxes,mill,263,300,270,261,258,270,266,291,301,316,309,263,238,276,234,208,194,193,209,-10%,-8%,-14%,-20%,-25%,-29%,-21%,monthly,1,1,1,1,1,1,1,"1,888","1,552",-18%
United Kingdom,GBR,WER,High Income,Excise_Taxes,mill,"5,053","5,918","4,278","5,433","6,006","4,746","5,667","6,327","4,891","5,518","6,302","4,999","5,590","5,512","3,840","4,347","3,841","3,899","4,914",11%,-7%,-10%,-20%,-36%,-18%,-13%,monthly,1,1,1,1,1,1,1,"37,100","31,941",-14%
United Kingdom,GBR,WER,High Income,Income Taxes,mill,"44,892","21,405","17,504","25,635","15,547","15,849","31,984","16,420","16,474","21,446","14,514","19,813","45,082","21,413","21,300","17,852","12,144","17,601","21,466",0%,0%,22%,-30%,-22%,11%,-33%,monthly,1,1,1,1,1,1,1,"172,817","156,857",-9%
United Kingdom,GBR,WER,High Income,Other_Taxes,mill,"2,953","1,775","2,049","3,055","1,844","1,707","3,379","2,070","1,939","3,192","2,002","2,338","2,870","1,857","2,444","2,517","1,225","1,842","2,332",-3%,5%,19%,-18%,-34%,8%,-31%,monthly,1,1,1,1,1,1,1,"16,764","15,087",-10%
United Kingdom,GBR,WER,High Income,PIT,mill,"35,145","19,389","15,331","18,351","13,359","13,041","22,844","14,292","12,517","12,947","12,373","13,708","36,507","19,535","14,776","14,587","11,307","12,857","18,505",4%,1%,-4%,-21%,-15%,-1%,-19%,monthly,1,1,1,1,1,1,1,"137,459","128,073",-7%
United Kingdom,GBR,WER,High Income,Tax_Revenue,mill,"66,862","42,773","32,036","47,425","34,650","30,690","54,935","37,553","31,858","44,042","36,158","35,035","68,255","41,643","30,179","25,821","18,040","24,612","39,664",2%,-3%,-6%,-46%,-48%,-20%,-28%,monthly,1,1,1,1,1,1,1,"309,371","248,215",-20%
United Kingdom,GBR,WER,High Income,Value_Added_Tax,mill,"13,701","13,373","7,934","13,041","10,994","8,118","13,640","12,446","8,254","13,569","13,031","7,622","14,476","12,586","2,362",897,635,"1,078","10,744",6%,-6%,-70%,-93%,-94%,-87%,-21%,monthly,1,1,1,1,1,1,1,"80,803","42,779",-47%
Uruguay,URY,LAC,High Income,Tax_Revenue,% change,,,,,,,,,,,,,,,,,,,,10%,5%,12%,0%,-10%,,,,,,,,,,,,,
United States,USA,NAM,High Income,CIT,mill,"6,754",-669,"8,793","44,688",411,"51,269","6,967","-1,396","60,318","6,571",532,"58,311","10,492","-2,041","10,390","3,940","-1,795","5,707","67,991",55%,205%,18%,-91%,-537%,-89%,876%,monthly,1,1,1,1,1,1,1,"118,213","94,684",-20%
United States,USA,NAM,High Income,Trade_Taxes,mill,"6,628","5,076","5,163","5,237","4,934","5,606","6,473","7,005","6,833","7,757","6,940","6,449","6,918","6,286","4,815","4,114","3,833","4,480","5,013",4%,24%,-7%,-21%,-22%,-20%,-23%,monthly,1,1,1,1,1,1,1,"39,117","35,459",-9%
United States,USA,NAM,High Income,Excise_Taxes,mill,"6,776","5,353","7,841","7,093","7,593","7,110","7,868","7,866","11,986","6,036","7,513","7,017","6,308","6,685","6,415",353,"2,701","3,678","6,226",-7%,25%,-18%,-95%,-64%,-48%,-21%,monthly,1,1,1,1,1,1,1,"49,634","32,366",-35%
United States,USA,NAM,High Income,Income Tax,mill,"203,890","55,992","106,029","377,497","104,103","192,418","134,394","104,586","243,290","132,960","106,296","211,017","227,152","67,585","108,706","79,197","45,965","97,823","441,097",11%,21%,3%,-79%,-56%,-49%,228%,monthly,1,1,1,1,1,1,1,"1,174,323","1,067,525",-9%
United States,USA,NAM,High Income,Other_Taxes,mill,"7,622","5,618","7,353","10,589","8,354","8,072","8,764","12,686","8,289","8,951","7,700","8,227","10,867","7,476","8,966","18,752","9,607","8,588","12,623",43%,33%,22%,77%,15%,6%,44%,monthly,1,1,1,1,1,1,1,"56,372","76,879",36%
United States,USA,NAM,High Income,PIT,mill,"197,136","56,661","97,236","332,809","103,692","141,149","127,427","105,982","182,972","126,389","105,764","152,706","216,660","69,626","98,316","75,257","47,760","92,116","373,106",10%,23%,1%,-77%,-54%,-35%,193%,monthly,1,1,1,1,1,1,1,"1,056,110","972,841",-8%
United States,USA,NAM,High Income,Tax_Revenue,mill,"224,916","72,039","126,386","400,416","124,984","213,206","157,499","132,143","270,398","155,704","128,449","232,710","251,245","88,032","128,902","102,416","62,106","114,569","464,959",12%,22%,2%,-74%,-50%,-46%,195%,monthly,1,1,1,1,1,1,1,"1,319,446","1,212,229",-8%
